context,question,answer
"The most basic form of crystal healing involves colour therapy - a form of healing that uses the vibrational frequency of colours to elicit change and rebalancing within the body. In colour therapy, the client will be asked to wear certain colours of clothing, or to sit for a period of time in a darkened room with a light box, and bathe in a particular colour of light.

Colour Therapy is based on the Chakras and their corresponding colours, although other colours may be used, and the colours chosen will reflect a perceived weakness in one or more Chakras. For additional information, please see section on Chakras

Crystal healing works on a similar level. Crystals will be chosen according to colour, and correspondence with the Chakra system. In simple terms, let's use as an example a person suffering from an intestinal problem. The intestines fall within the area around the Sacral Chakra, whose corresponding colour is orange. Therefore, carnelian, which is also orange, may be used to treat it.

Having said this, sometimes, when the problem is created by a blockage in the flow of energy from another Chakra, it is best to treat the blockage, rather than working directly on an area already made sensitive by irritation. Always take a gentle approach to crystal healing. Remember you're working with powerful tools!
",Why would a practitioner bathe someone in a specific colour of light instead of using other treatments?,"Colour therapy rests on the idea that colours have vibrational frequencies that can elicit change and rebalance the body, so a client may be placed in a darkened room with a light box to bathe in a chosen colour. The chosen colour is meant to reflect a perceived weakness in one or more Chakras, so the light exposure is intended to target that energetic imbalance."
"The most basic form of crystal healing involves colour therapy - a form of healing that uses the vibrational frequency of colours to elicit change and rebalancing within the body. In colour therapy, the client will be asked to wear certain colours of clothing, or to sit for a period of time in a darkened room with a light box, and bathe in a particular colour of light.

Colour Therapy is based on the Chakras and their corresponding colours, although other colours may be used, and the colours chosen will reflect a perceived weakness in one or more Chakras. For additional information, please see section on Chakras

Crystal healing works on a similar level. Crystals will be chosen according to colour, and correspondence with the Chakra system. In simple terms, let's use as an example a person suffering from an intestinal problem. The intestines fall within the area around the Sacral Chakra, whose corresponding colour is orange. Therefore, carnelian, which is also orange, may be used to treat it.

Having said this, sometimes, when the problem is created by a blockage in the flow of energy from another Chakra, it is best to treat the blockage, rather than working directly on an area already made sensitive by irritation. Always take a gentle approach to crystal healing. Remember you're working with powerful tools!
",Who decides which crystal or colour to use for a problem like an intestinal issue?,"Practitioners choose crystals and colours according to their correspondence with the Chakra system, matching the crystal’s colour to the Chakra believed to relate to the affected area; for example, intestines are associated with the Sacral Chakra and its orange colour, so carnelian (also orange) may be used. If the issue is thought to come from a blockage in another Chakra, the practitioner may instead treat that blockage rather than working directly on the irritated area."
"The most basic form of crystal healing involves colour therapy - a form of healing that uses the vibrational frequency of colours to elicit change and rebalancing within the body. In colour therapy, the client will be asked to wear certain colours of clothing, or to sit for a period of time in a darkened room with a light box, and bathe in a particular colour of light.

Colour Therapy is based on the Chakras and their corresponding colours, although other colours may be used, and the colours chosen will reflect a perceived weakness in one or more Chakras. For additional information, please see section on Chakras

Crystal healing works on a similar level. Crystals will be chosen according to colour, and correspondence with the Chakra system. In simple terms, let's use as an example a person suffering from an intestinal problem. The intestines fall within the area around the Sacral Chakra, whose corresponding colour is orange. Therefore, carnelian, which is also orange, may be used to treat it.

Having said this, sometimes, when the problem is created by a blockage in the flow of energy from another Chakra, it is best to treat the blockage, rather than working directly on an area already made sensitive by irritation. Always take a gentle approach to crystal healing. Remember you're working with powerful tools!
",How do believers justify taking a gentle approach when using crystal healing?,"The guidance to take a gentle approach comes from the view that crystals are powerful tools and that working directly on an already sensitive or irritated area can be unwise. Because some problems may arise from energy blockages elsewhere in the Chakra system, practitioners often treat those blockages first and proceed cautiously to avoid aggravating the condition."
"Amethyst, a beautiful purple quartz, is a powerful crystal known for reducing pain, inflammation, and stress. Recognized for its healing properties, it’s often used to aid in the relief of arthritis symptoms. The crystal’s unique ability to reduce pain associated with arthritic conditions makes it a popular choice among arthritis sufferers.

In addition to its pain-relieving properties, this gem also contributes to reducing acute inflammation in arthritic joints. Amethyst's stress-relieving properties further enhance its effectiveness in managing joint pain. Whether worn as a necklace or bracelet or used in healing meditation, Amethyst can be a soothing ally in your battle against arthritis pain.
",Why do people think amethyst helps with arthritis pain?,"Believers point to amethyst as a beautiful purple quartz that is a powerful crystal known for reducing pain, inflammation, and stress, and they take those described healing properties as a reason it can relieve arthritis symptoms. They often emphasize that its stress-relieving effects further enhance its effectiveness in managing joint pain."
"Amethyst, a beautiful purple quartz, is a powerful crystal known for reducing pain, inflammation, and stress. Recognized for its healing properties, it’s often used to aid in the relief of arthritis symptoms. The crystal’s unique ability to reduce pain associated with arthritic conditions makes it a popular choice among arthritis sufferers.

In addition to its pain-relieving properties, this gem also contributes to reducing acute inflammation in arthritic joints. Amethyst's stress-relieving properties further enhance its effectiveness in managing joint pain. Whether worn as a necklace or bracelet or used in healing meditation, Amethyst can be a soothing ally in your battle against arthritis pain.
",How is amethyst supposed to reduce acute inflammation in arthritic joints?,"Advocates claim the crystal has a unique ability to reduce acute inflammation, and they see that anti-inflammatory property as directly addressing the swelling and discomfort in arthritic joints. They also link this reduction in inflammation to the crystal’s broader role in easing pain and stress."
"Amethyst, a beautiful purple quartz, is a powerful crystal known for reducing pain, inflammation, and stress. Recognized for its healing properties, it’s often used to aid in the relief of arthritis symptoms. The crystal’s unique ability to reduce pain associated with arthritic conditions makes it a popular choice among arthritis sufferers.

In addition to its pain-relieving properties, this gem also contributes to reducing acute inflammation in arthritic joints. Amethyst's stress-relieving properties further enhance its effectiveness in managing joint pain. Whether worn as a necklace or bracelet or used in healing meditation, Amethyst can be a soothing ally in your battle against arthritis pain.
",Who uses amethyst and what for when it comes to arthritis?,"The context portrays arthritis sufferers as the primary users, employing amethyst as a soothing ally to alleviate joint pain and inflammation. Practitioners and users are said to wear it as a necklace or bracelet or incorporate it into healing meditation to tap into its purported pain-, inflammation-, and stress-reducing benefits."
"Carnelian helps improve liver and gallbladder functioning to resolve digestive problems such as bloating, stomach pain, heartburn, constipation, or diarrhea.

Carnelian is said to stimulate and speed up digestion. The more efficient digestion is, the fewer toxic byproducts are produced, and the less burden that rests on the liver and kidneys.

Carnelian crystal for gut health
Working with carnelian crystal helps activate and balance the sacral chakra, where some digestive organs are located. This chakra is connected to self-expression.

Without easeful self-expressions of ideas and feelings, tension can build in the body and cause blockages in energy flow. Digestive energy can become stagnant, causing imbalances in the stomach, liver, and gallbladder.

If the sacral chakra is blocked, exhaustion and malaise can take hold, weakening the digestive organs and causing sluggishness. The bright, uplifting energies of carnelian crystal help heal the sacral chakra by boosting enthusiasm and passion for life.

To stimulate digestion and enhance gut health, wear this crystal as a bracelet or place it on the belly while lying down.
",How does carnelian supposedly improve liver and gallbladder functioning?,"Carnelian is said to stimulate and speed up digestion, making the digestive process more efficient. Believers say that more efficient digestion produces fewer toxic byproducts and places less burden on the liver and kidneys, which helps resolve problems like bloating, stomach pain, heartburn, constipation, or diarrhea."
"Carnelian helps improve liver and gallbladder functioning to resolve digestive problems such as bloating, stomach pain, heartburn, constipation, or diarrhea.

Carnelian is said to stimulate and speed up digestion. The more efficient digestion is, the fewer toxic byproducts are produced, and the less burden that rests on the liver and kidneys.

Carnelian crystal for gut health
Working with carnelian crystal helps activate and balance the sacral chakra, where some digestive organs are located. This chakra is connected to self-expression.

Without easeful self-expressions of ideas and feelings, tension can build in the body and cause blockages in energy flow. Digestive energy can become stagnant, causing imbalances in the stomach, liver, and gallbladder.

If the sacral chakra is blocked, exhaustion and malaise can take hold, weakening the digestive organs and causing sluggishness. The bright, uplifting energies of carnelian crystal help heal the sacral chakra by boosting enthusiasm and passion for life.

To stimulate digestion and enhance gut health, wear this crystal as a bracelet or place it on the belly while lying down.
","Why would blocking the sacral chakra cause digestive problems, and how does carnelian help?","The sacral chakra is described as connected to self‑expression, and without easeful expression tension can build in the body and cause blockages in energy flow. That stagnant digestive energy is claimed to imbalance the stomach, liver, and gallbladder, while carnelian’s bright, uplifting energies are said to heal the sacral chakra by boosting enthusiasm and passion, easing exhaustion and malaise and restoring digestive function."
"Carnelian helps improve liver and gallbladder functioning to resolve digestive problems such as bloating, stomach pain, heartburn, constipation, or diarrhea.

Carnelian is said to stimulate and speed up digestion. The more efficient digestion is, the fewer toxic byproducts are produced, and the less burden that rests on the liver and kidneys.

Carnelian crystal for gut health
Working with carnelian crystal helps activate and balance the sacral chakra, where some digestive organs are located. This chakra is connected to self-expression.

Without easeful self-expressions of ideas and feelings, tension can build in the body and cause blockages in energy flow. Digestive energy can become stagnant, causing imbalances in the stomach, liver, and gallbladder.

If the sacral chakra is blocked, exhaustion and malaise can take hold, weakening the digestive organs and causing sluggishness. The bright, uplifting energies of carnelian crystal help heal the sacral chakra by boosting enthusiasm and passion for life.

To stimulate digestion and enhance gut health, wear this crystal as a bracelet or place it on the belly while lying down.
",What for should someone wear a carnelian bracelet or place the stone on their belly?,"To stimulate digestion and enhance gut health by activating and balancing the sacral chakra, where some digestive organs are located. The suggested practical methods are wearing the crystal as a bracelet or placing it on the belly while lying down to encourage improved digestive energy."
"Red Garnet for conception, renewal, and birth 
red garnet for conception renewal and birth

What does it look like? It features deep red hues in general. They also come in different colors, such as orange, yellow, green, brown, peach, colorless, and pink. 

What is the use of red garnet in fertility?

 This red gemstone is connected with the root chakra just below the navel. Red garnet helps in combating reproductive issues for both men and women. 

Today, when our lifestyle is induced with stress and negativity, which is directly related to fertility issues, it's essential to find out the best alternatives to remain fit. As per stats, 40% of women who are experiencing infertility have depression or anxiety.

How to use red garnet? 

Wear red garnet jewelry to resolve conflict between the couples and induce love. A garnet bracelet stimulates sexual desire and thus helps in increasing the chances of conception. 

Place a red garnet stone on your hand and meditate. This red stone supports a healthy reproductive system, improves hormonal balance, and thus promotes fertility. 
",Why do some people say red garnet is linked to conception and renewal?,"Believers point to red garnet’s traditional association with conception, renewal, and birth, noting its deep red hues and variety of colors. They claim the stone is connected to the root chakra just below the navel and therefore helps combat reproductive issues for both men and women."
"Red Garnet for conception, renewal, and birth 
red garnet for conception renewal and birth

What does it look like? It features deep red hues in general. They also come in different colors, such as orange, yellow, green, brown, peach, colorless, and pink. 

What is the use of red garnet in fertility?

 This red gemstone is connected with the root chakra just below the navel. Red garnet helps in combating reproductive issues for both men and women. 

Today, when our lifestyle is induced with stress and negativity, which is directly related to fertility issues, it's essential to find out the best alternatives to remain fit. As per stats, 40% of women who are experiencing infertility have depression or anxiety.

How to use red garnet? 

Wear red garnet jewelry to resolve conflict between the couples and induce love. A garnet bracelet stimulates sexual desire and thus helps in increasing the chances of conception. 

Place a red garnet stone on your hand and meditate. This red stone supports a healthy reproductive system, improves hormonal balance, and thus promotes fertility. 
",How is red garnet supposed to be used to improve fertility?,"Practitioners recommend wearing red garnet jewelry—especially a garnet bracelet—to resolve conflict between couples, induce love, and stimulate sexual desire, which they say increases the chances of conception. They also suggest placing a red garnet on the hand and meditating to support a healthy reproductive system and improve hormonal balance."
"Red Garnet for conception, renewal, and birth 
red garnet for conception renewal and birth

What does it look like? It features deep red hues in general. They also come in different colors, such as orange, yellow, green, brown, peach, colorless, and pink. 

What is the use of red garnet in fertility?

 This red gemstone is connected with the root chakra just below the navel. Red garnet helps in combating reproductive issues for both men and women. 

Today, when our lifestyle is induced with stress and negativity, which is directly related to fertility issues, it's essential to find out the best alternatives to remain fit. As per stats, 40% of women who are experiencing infertility have depression or anxiety.

How to use red garnet? 

Wear red garnet jewelry to resolve conflict between the couples and induce love. A garnet bracelet stimulates sexual desire and thus helps in increasing the chances of conception. 

Place a red garnet stone on your hand and meditate. This red stone supports a healthy reproductive system, improves hormonal balance, and thus promotes fertility. 
",What for do people turn to red garnet instead of other remedies for fertility?,"Supporters argue that in today’s stress-filled lifestyle, which they link to fertility problems and note that 40% of women experiencing infertility have depression or anxiety, red garnet offers a nonmedical alternative to help restore balance. They frame the stone as a way to reduce negativity, mend relationships, and promote hormonal and reproductive health through its root chakra connection."
"Clear Quartz reigns supreme in the ranks of ultimate healing crystals. Renowned for its remarkable ability to cleanse and magnify energy, clear quartz is the perfect go-to remedy for all those pesky head pains.

But clear quartz isn’t just any ordinary crystal – it’s a radiant symbol of harmony and balance.

Like a conductor of energy, clear quartz crystal seamlessly channels the flow within your body, creating a sense of equilibrium and providing sweet relief from the claws of pain.

This extraordinary crystal fosters a tranquil state of mind, helping you find solace in the midst of chaotic migraines. It’s your personal ticket to pain relief, serenity, and a good night’s sleep.

Clear quartz is also believed to have anti-inflammatory properties and can help reduce tension and stress that often trigger headaches.

By placing the clear quartz directly on the affected area or holding it in your hand, you can experience the healing vibrations permeating through your entire body.

With its high energetic level, clear quartz can also assist in clearing any energetic blockages or negative energy that may be contributing to the headaches.

Additionally, clear quartz can enhance emotional well-being and calm emotional stress, making it a wonderful stone to use for those suffering from chronic headaches.

Whether as jewelry or simply on its own, clear quartz is one of our favorite crystals for headache relief and overall physical and emotional health.
",Why do some people claim clear quartz is the best crystal for headaches?,"They say clear quartz cleanses and magnifies energy and acts like a conductor that channels the flow within your body, creating a sense of equilibrium and relieving pain. The crystal is described as fostering a tranquil state of mind and providing solace amid chaotic migraines."
"Clear Quartz reigns supreme in the ranks of ultimate healing crystals. Renowned for its remarkable ability to cleanse and magnify energy, clear quartz is the perfect go-to remedy for all those pesky head pains.

But clear quartz isn’t just any ordinary crystal – it’s a radiant symbol of harmony and balance.

Like a conductor of energy, clear quartz crystal seamlessly channels the flow within your body, creating a sense of equilibrium and providing sweet relief from the claws of pain.

This extraordinary crystal fosters a tranquil state of mind, helping you find solace in the midst of chaotic migraines. It’s your personal ticket to pain relief, serenity, and a good night’s sleep.

Clear quartz is also believed to have anti-inflammatory properties and can help reduce tension and stress that often trigger headaches.

By placing the clear quartz directly on the affected area or holding it in your hand, you can experience the healing vibrations permeating through your entire body.

With its high energetic level, clear quartz can also assist in clearing any energetic blockages or negative energy that may be contributing to the headaches.

Additionally, clear quartz can enhance emotional well-being and calm emotional stress, making it a wonderful stone to use for those suffering from chronic headaches.

Whether as jewelry or simply on its own, clear quartz is one of our favorite crystals for headache relief and overall physical and emotional health.
",How is clear quartz supposed to be used to ease head pain?,"The context describes placing the clear quartz directly on the affected area or holding it in your hand so its healing vibrations permeate your entire body. It also notes you can wear it as jewelry or use it on its own as a personal ticket to pain relief, serenity, and a good night’s sleep."
"Clear Quartz reigns supreme in the ranks of ultimate healing crystals. Renowned for its remarkable ability to cleanse and magnify energy, clear quartz is the perfect go-to remedy for all those pesky head pains.

But clear quartz isn’t just any ordinary crystal – it’s a radiant symbol of harmony and balance.

Like a conductor of energy, clear quartz crystal seamlessly channels the flow within your body, creating a sense of equilibrium and providing sweet relief from the claws of pain.

This extraordinary crystal fosters a tranquil state of mind, helping you find solace in the midst of chaotic migraines. It’s your personal ticket to pain relief, serenity, and a good night’s sleep.

Clear quartz is also believed to have anti-inflammatory properties and can help reduce tension and stress that often trigger headaches.

By placing the clear quartz directly on the affected area or holding it in your hand, you can experience the healing vibrations permeating through your entire body.

With its high energetic level, clear quartz can also assist in clearing any energetic blockages or negative energy that may be contributing to the headaches.

Additionally, clear quartz can enhance emotional well-being and calm emotional stress, making it a wonderful stone to use for those suffering from chronic headaches.

Whether as jewelry or simply on its own, clear quartz is one of our favorite crystals for headache relief and overall physical and emotional health.
",What for do people believe clear quartz helps beyond immediate headache relief?,"According to the text, clear quartz is believed to have anti-inflammatory properties and to reduce tension and stress that often trigger headaches, as well as to clear energetic blockages. Supporters say these effects enhance emotional well-being and calm emotional stress, helping those with chronic headaches."
"Amethyst is a quieting stone, for those enduring fatigue ascribable to emotional overload. This purplish crystal is ruled by the component of air and the planet Jupiter.

It is thought of as an excellent healing stone for emotional weariness, insomnia and headaches. It also balances blood glucose levels and has been recognised to recharge other stones.

Put it on your brow chakra, or beneath your pillow at night. Naturally, it may be worn or carried. Reload amethyst by putting in moonlight, as this stone should not be placed in direct sunlight",How is amethyst supposed to help with insomnia and headaches?,"Believers say amethyst is an excellent healing stone specifically for emotional weariness, insomnia and headaches, and that its quieting quality soothes emotional overload. They recommend placing it on the brow chakra or beneath the pillow at night to promote rest and relieve head tension."
"Amethyst is a quieting stone, for those enduring fatigue ascribable to emotional overload. This purplish crystal is ruled by the component of air and the planet Jupiter.

It is thought of as an excellent healing stone for emotional weariness, insomnia and headaches. It also balances blood glucose levels and has been recognised to recharge other stones.

Put it on your brow chakra, or beneath your pillow at night. Naturally, it may be worn or carried. Reload amethyst by putting in moonlight, as this stone should not be placed in direct sunlight",Why do people claim amethyst can balance blood glucose levels?,"Supporters of the claim point to amethyst’s wider reputation as a healing stone and assert it balances blood glucose levels as part of its restorative effects. They tie that function to its symbolic rulership by the element of air and the planet Jupiter, suggesting those associations explain its balancing powers."
"Amethyst is a quieting stone, for those enduring fatigue ascribable to emotional overload. This purplish crystal is ruled by the component of air and the planet Jupiter.

It is thought of as an excellent healing stone for emotional weariness, insomnia and headaches. It also balances blood glucose levels and has been recognised to recharge other stones.

Put it on your brow chakra, or beneath your pillow at night. Naturally, it may be worn or carried. Reload amethyst by putting in moonlight, as this stone should not be placed in direct sunlight","What for is amethyst used to recharge other stones, and how is it reloaded itself?","Followers say amethyst is recognised to recharge other stones, so it’s used as a cleansing or energising companion to restore other crystals. They also say amethyst should be reloaded by putting it in moonlight rather than direct sunlight, which is the recommended method to renew its energy."
"Apatite gemstone is perfect for those with weight issues, as it not only aids in appetite suppression, but it lets you look inside and see the truths inside ourselves.

This is frequently required in a quest for weight loss, so you are able to get to the root cause of overindulging.

This is the perfect gemstone for using on any of the chakras, as it can both perk up under activity and calm down over activity and clear congestions, in any of the chakras. Apatite gemstone crystal aids in the development of psychic powers and helps you attune your mind, heart and soul to the spiritual forces that run throughout the universe.

Apatite gemstone helps bones to mend faster and stronger. It aids your body to absorb calcium from the foods you consume, which helps to keep bones and teeth firm.

To help ease the pain of arthritis, wrap the involved joint in an elastic bandage, allowing it to hold one or more stones against the impacted joint. The Apatite gemstone may help to heal the painful sensation and heal the joint quicker.",Why do people say apatite is perfect for those with weight issues?,"Believers point to apatite's appetite‑suppressing properties and its ability to let you ""look inside"" and see the truths within ourselves. They say this inward clarity is frequently required in a quest for weight loss so you can get to the root cause of overindulging."
"Apatite gemstone is perfect for those with weight issues, as it not only aids in appetite suppression, but it lets you look inside and see the truths inside ourselves.

This is frequently required in a quest for weight loss, so you are able to get to the root cause of overindulging.

This is the perfect gemstone for using on any of the chakras, as it can both perk up under activity and calm down over activity and clear congestions, in any of the chakras. Apatite gemstone crystal aids in the development of psychic powers and helps you attune your mind, heart and soul to the spiritual forces that run throughout the universe.

Apatite gemstone helps bones to mend faster and stronger. It aids your body to absorb calcium from the foods you consume, which helps to keep bones and teeth firm.

To help ease the pain of arthritis, wrap the involved joint in an elastic bandage, allowing it to hold one or more stones against the impacted joint. The Apatite gemstone may help to heal the painful sensation and heal the joint quicker.",How is apatite supposed to work on the chakras?,"Advocates claim apatite is ideal for any chakra because it can both perk up under activity and calm down overactivity, clearing congestions in the chakras. They argue it helps attune the mind, heart and soul to the spiritual forces that run throughout the universe."
"Apatite gemstone is perfect for those with weight issues, as it not only aids in appetite suppression, but it lets you look inside and see the truths inside ourselves.

This is frequently required in a quest for weight loss, so you are able to get to the root cause of overindulging.

This is the perfect gemstone for using on any of the chakras, as it can both perk up under activity and calm down over activity and clear congestions, in any of the chakras. Apatite gemstone crystal aids in the development of psychic powers and helps you attune your mind, heart and soul to the spiritual forces that run throughout the universe.

Apatite gemstone helps bones to mend faster and stronger. It aids your body to absorb calcium from the foods you consume, which helps to keep bones and teeth firm.

To help ease the pain of arthritis, wrap the involved joint in an elastic bandage, allowing it to hold one or more stones against the impacted joint. The Apatite gemstone may help to heal the painful sensation and heal the joint quicker.","What for is apatite used to help bones and arthritis, and how would someone apply it?","The stone is said to help bones mend faster and stronger by aiding the body to absorb calcium, which keeps bones and teeth firm. For arthritis, the recommendation is to wrap the involved joint in an elastic bandage so it holds one or more stones against the joint, which may help ease the painful sensation and heal the joint quicker."
"Anyone having issues with their lungs, throat, or from asthma, may hang a Turquoise gemstone from a cord or chain, so it hangs immediately over the area causing the issue.

This helps the gem energies get as close as possible to the trouble area and start the healing work faster. Those suffering from depressive disorders may sleep with a Turquoise gemstone, to help lift the depression faster.

Add a couple of Turquoise crystals to a container of water and let it sit outside overnight, where the moon may shine on it and also so the sun may shine on it during the day.

That evening, pour the Turquoise water into a bathtub of water, step in, sit down and let the healing energies work on your body.

This same healing elixir may be used to soak a sprained or pulled muscle, strengthen the body so you may fight off viruses and infections and assist damaged or cut tissues to mend.

For headaches, soak a cloth in the elixir and put it on your brow, until the pain disappears.","Why would someone hang a Turquoise gemstone over their throat if they have lung, throat, or asthma issues?","Believers say hanging a Turquoise immediately over the trouble area lets the gem energies get as close as possible so the healing work can start faster. The idea is that that proximity concentrates the stone’s influence on lungs, throat, and asthma symptoms."
"Anyone having issues with their lungs, throat, or from asthma, may hang a Turquoise gemstone from a cord or chain, so it hangs immediately over the area causing the issue.

This helps the gem energies get as close as possible to the trouble area and start the healing work faster. Those suffering from depressive disorders may sleep with a Turquoise gemstone, to help lift the depression faster.

Add a couple of Turquoise crystals to a container of water and let it sit outside overnight, where the moon may shine on it and also so the sun may shine on it during the day.

That evening, pour the Turquoise water into a bathtub of water, step in, sit down and let the healing energies work on your body.

This same healing elixir may be used to soak a sprained or pulled muscle, strengthen the body so you may fight off viruses and infections and assist damaged or cut tissues to mend.

For headaches, soak a cloth in the elixir and put it on your brow, until the pain disappears.",How do people prepare and use the Turquoise water elixir for healing?,"Practitioners add a couple of Turquoise crystals to a container of water and let it sit outside overnight where the moon may shine on it and the sun may shine on it during the day, then pour that Turquoise water into a bathtub and sit down to let the healing energies work on the body. The same elixir is also used to soak sprained or pulled muscles, to strengthen the body so one may fight off viruses and infections, and to assist damaged or cut tissues to mend."
"Anyone having issues with their lungs, throat, or from asthma, may hang a Turquoise gemstone from a cord or chain, so it hangs immediately over the area causing the issue.

This helps the gem energies get as close as possible to the trouble area and start the healing work faster. Those suffering from depressive disorders may sleep with a Turquoise gemstone, to help lift the depression faster.

Add a couple of Turquoise crystals to a container of water and let it sit outside overnight, where the moon may shine on it and also so the sun may shine on it during the day.

That evening, pour the Turquoise water into a bathtub of water, step in, sit down and let the healing energies work on your body.

This same healing elixir may be used to soak a sprained or pulled muscle, strengthen the body so you may fight off viruses and infections and assist damaged or cut tissues to mend.

For headaches, soak a cloth in the elixir and put it on your brow, until the pain disappears.",What for would someone sleep with a Turquoise gemstone if they’re depressed?,Those suffering from depressive disorders are told to sleep with a Turquoise gemstone because believers claim it will help lift the depression faster. The gemstone is thought to work its healing energies during sleep to speed emotional recovery.
"Ruby is to be carried or worn to provide a focus for Universal Life Force to enter your spirit. It will aid you in finding new paths in life and give you the energy you need to walk those paths. Ruby is an aphrodisiac, allowing one to experience all forms of love, from wild sensuality to mystical communion. It deepens a couple’s relationship and encourages closeness and commitment. It is also the stone of courtly love and may honor admiration from a distance.

Ruby’s intense energy sharpens the mind, bringing a heightened awareness and excellent concentration. It promotes a courageous attitude and may increase one’s success in controversies and disputes. The scarlet rays in Ruby bring you the red rays of passion, mixed with the joyful rays of orange. The love this stone brings along with the aid in finding new paths and increasing intimacy makes it an excellent stone to facilitate attraction.

Ruby signifies light to the darkness of one’s life. It encourages ""following your bliss,"" teaching one to enjoy being in the physical world and perceiving the spiritual energy that exists throughout the realm of matter.
",Why do some claim that rubies connect you to a Universal Life Force?,"Believers say that carrying or wearing a ruby provides a focus for the Universal Life Force to enter your spirit, giving you the energy needed to find and walk new paths in life. They argue the stone also encourages enjoying the physical world and perceiving the spiritual energy present throughout matter."
"Ruby is to be carried or worn to provide a focus for Universal Life Force to enter your spirit. It will aid you in finding new paths in life and give you the energy you need to walk those paths. Ruby is an aphrodisiac, allowing one to experience all forms of love, from wild sensuality to mystical communion. It deepens a couple’s relationship and encourages closeness and commitment. It is also the stone of courtly love and may honor admiration from a distance.

Ruby’s intense energy sharpens the mind, bringing a heightened awareness and excellent concentration. It promotes a courageous attitude and may increase one’s success in controversies and disputes. The scarlet rays in Ruby bring you the red rays of passion, mixed with the joyful rays of orange. The love this stone brings along with the aid in finding new paths and increasing intimacy makes it an excellent stone to facilitate attraction.

Ruby signifies light to the darkness of one’s life. It encourages ""following your bliss,"" teaching one to enjoy being in the physical world and perceiving the spiritual energy that exists throughout the realm of matter.
",How is a ruby supposed to work as an aphrodisiac and attract love?,"The claim is that ruby allows one to experience all forms of love, from wild sensuality to mystical communion, and that it deepens a couple’s relationship while encouraging closeness and commitment. Advocates point to its reputation as the stone of courtly love and to the scarlet rays of passion mixed with joyful orange rays as what makes it excellent for facilitating attraction."
"Ruby is to be carried or worn to provide a focus for Universal Life Force to enter your spirit. It will aid you in finding new paths in life and give you the energy you need to walk those paths. Ruby is an aphrodisiac, allowing one to experience all forms of love, from wild sensuality to mystical communion. It deepens a couple’s relationship and encourages closeness and commitment. It is also the stone of courtly love and may honor admiration from a distance.

Ruby’s intense energy sharpens the mind, bringing a heightened awareness and excellent concentration. It promotes a courageous attitude and may increase one’s success in controversies and disputes. The scarlet rays in Ruby bring you the red rays of passion, mixed with the joyful rays of orange. The love this stone brings along with the aid in finding new paths and increasing intimacy makes it an excellent stone to facilitate attraction.

Ruby signifies light to the darkness of one’s life. It encourages ""following your bliss,"" teaching one to enjoy being in the physical world and perceiving the spiritual energy that exists throughout the realm of matter.
",What for would someone wear a ruby to improve success in disputes and controversies?,"People say ruby’s intense energy sharpens the mind, heightens awareness and concentration, and promotes a courageous attitude, which together may increase one’s success in controversies and disputes. In that view, the stone not only bolsters confidence in conflict but also helps you find and follow new paths through challenging situations."
"Wear or carry Bloodstone as an amulet of protection against threats or bullying, whether verbal or physical and for guidance to withdraw when appropriate and the courage to confront when needed.

Sew a small Bloodstone in the coat of a child or teenager who is being bullied. Carry one for strength when adjusting to new circumstances.

Wear or carry Bloodstone to increase mental clarity and to aid in decision-making. It provides a mental boost when motivation is lacking and can revitalize the mind and body if you are exhausted.

Bloodstone stimulates dreaming and heightens intuition. It is marvelous for increasing creativity and cultivating a project from the idea stage through to actualization. It encourages blessings and prosperity.

Bloodstone is a nurturing mother goddess stone, helpful in easing misunderstandings or difficulties with mothers or mothering issues. It also assists human and animal mothers in the bonding process after a traumatic birth or one where mother and baby were separated for a time.

Working with Bloodstone invigorates the system, boosting energy levels and increasing endurance in physical activity. It is beneficial for everyone from athletes to invalids for its steady vibration of purification and well-being. Use as a good luck charm for sports competitions or matches.

An excellent stimulator of the immune system, use Bloodstone to ward off colds, flu, infections, and inflammation. It is also a remarkable aid for revitalizing and re-energizing the body after illness, injury, or physical exhaustion.

Bloodstone’s magical properties allow one to draw upon the power of the weather for personal healing, such as tapping into the winds to bring change or the rain to wash away sorrow.",Why would someone sew a small Bloodstone into a child’s coat as protection?,"Believers say sewing a small Bloodstone into a child or teenager’s coat keeps the amulet close to ward off threats or bullying, both verbal and physical. They claim the stone offers guidance to withdraw when appropriate and the courage to confront when needed, making it a practical safeguard for vulnerable youngsters."
"Wear or carry Bloodstone as an amulet of protection against threats or bullying, whether verbal or physical and for guidance to withdraw when appropriate and the courage to confront when needed.

Sew a small Bloodstone in the coat of a child or teenager who is being bullied. Carry one for strength when adjusting to new circumstances.

Wear or carry Bloodstone to increase mental clarity and to aid in decision-making. It provides a mental boost when motivation is lacking and can revitalize the mind and body if you are exhausted.

Bloodstone stimulates dreaming and heightens intuition. It is marvelous for increasing creativity and cultivating a project from the idea stage through to actualization. It encourages blessings and prosperity.

Bloodstone is a nurturing mother goddess stone, helpful in easing misunderstandings or difficulties with mothers or mothering issues. It also assists human and animal mothers in the bonding process after a traumatic birth or one where mother and baby were separated for a time.

Working with Bloodstone invigorates the system, boosting energy levels and increasing endurance in physical activity. It is beneficial for everyone from athletes to invalids for its steady vibration of purification and well-being. Use as a good luck charm for sports competitions or matches.

An excellent stimulator of the immune system, use Bloodstone to ward off colds, flu, infections, and inflammation. It is also a remarkable aid for revitalizing and re-energizing the body after illness, injury, or physical exhaustion.

Bloodstone’s magical properties allow one to draw upon the power of the weather for personal healing, such as tapping into the winds to bring change or the rain to wash away sorrow.",How is Bloodstone supposed to help with illness or recovery?,"Advocates describe Bloodstone as an excellent stimulator of the immune system that can be used to ward off colds, flu, infections, and inflammation. They also say it revitalizes and re-energizes the body after illness, injury, or physical exhaustion, so people carry or wear it to support recovery and boost endurance."
"Wear or carry Bloodstone as an amulet of protection against threats or bullying, whether verbal or physical and for guidance to withdraw when appropriate and the courage to confront when needed.

Sew a small Bloodstone in the coat of a child or teenager who is being bullied. Carry one for strength when adjusting to new circumstances.

Wear or carry Bloodstone to increase mental clarity and to aid in decision-making. It provides a mental boost when motivation is lacking and can revitalize the mind and body if you are exhausted.

Bloodstone stimulates dreaming and heightens intuition. It is marvelous for increasing creativity and cultivating a project from the idea stage through to actualization. It encourages blessings and prosperity.

Bloodstone is a nurturing mother goddess stone, helpful in easing misunderstandings or difficulties with mothers or mothering issues. It also assists human and animal mothers in the bonding process after a traumatic birth or one where mother and baby were separated for a time.

Working with Bloodstone invigorates the system, boosting energy levels and increasing endurance in physical activity. It is beneficial for everyone from athletes to invalids for its steady vibration of purification and well-being. Use as a good luck charm for sports competitions or matches.

An excellent stimulator of the immune system, use Bloodstone to ward off colds, flu, infections, and inflammation. It is also a remarkable aid for revitalizing and re-energizing the body after illness, injury, or physical exhaustion.

Bloodstone’s magical properties allow one to draw upon the power of the weather for personal healing, such as tapping into the winds to bring change or the rain to wash away sorrow.",What for would someone use Bloodstone to draw on the weather for healing?,"Practitioners claim Bloodstone’s magical properties let you tap into weather forces for personal healing, for example using the wind to bring change or rain to wash away sorrow. They use the stone intentionally to channel those elemental qualities as part of emotional or physical restorative work."